{"stats":{"minecraft:mined":{"minecraft:fire":1,"minecraft:crafting_table":1,"minecraft:short_grass":4,"minecraft:oak_log":10,"minecraft:dirt":1,"minecraft:tall_grass":1,"minecraft:oak_leaves":2},"minecraft:picked_up":{"minecraft:wooden_axe":1,"minecraft:pink_petals":18,"minecraft:stick":6,"minecraft:crafting_table":2,"minecraft:golden_carrot":142,"minecraft:red_wool":1,"minecraft:oak_log":20,"minecraft:dirt":2,"minecraft:apple":2,"minecraft:wheat_seeds":3,"minecraft:beef":8,"minecraft:oak_sapling":12,"minecraft:mutton":4,"minecraft:white_wool":6,"minecraft:egg":3},"minecraft:dropped":{"minecraft:golden_carrot":31},"minecraft:killed":{"minecraft:sheep":2,"minecraft:cow":1},"minecraft:used":{"minecraft:wooden_axe":6,"minecraft:apple":1,"minecraft:red_wool":1,"minecraft:wooden_sword":2,"minecraft:dirt":1,"minecraft:golden_carrot":10,"minecraft:crafting_table":1,"minecraft:egg":3},"minecraft:crafted":{"minecraft:wooden_sword":1,"minecraft:oak_planks":40,"minecraft:crafting_table":1,"minecraft:wooden_axe":1},"minecraft:killed_by":{"minecraft:player":4,"minecraft:slime":1},"minecraft:custom":{"minecraft:time_since_rest":3017,"minecraft:sprint_one_cm":85255,"minecraft:damage_taken":3447,"minecraft:walk_one_cm":33280,"minecraft:mob_kills":3,"minecraft:drop":1,"minecraft:damage_dealt":1522,"minecraft:swim_one_cm":7140,"minecraft:interact_with_crafting_table":1,"minecraft:fly_one_cm":216460,"minecraft:player_kills":2,"minecraft:crouch_one_cm":1291,"minecraft:play_time":21806,"minecraft:deaths":5,"minecraft:sneak_time":435,"minecraft:walk_under_water_one_cm":549,"minecraft:boat_one_cm":17692,"minecraft:jump":976,"minecraft:leave_game":1,"minecraft:time_since_death":2992,"minecraft:walk_on_water_one_cm":5930,"minecraft:total_world_time":21806,"minecraft:fall_one_cm":20973,"minecraft:horse_one_cm":4941}},"DataVersion":3839}