{"stats":{"minecraft:mined":{"minecraft:red_wool":1,"minecraft:crafting_table":1,"minecraft:short_grass":10,"minecraft:grass_block":2,"minecraft:oak_log":10,"minecraft:tall_grass":4},"minecraft:picked_up":{"minecraft:wooden_axe":1,"minecraft:lime_wool":1,"minecraft:pink_petals":6,"minecraft:stick":1,"minecraft:crafting_table":2,"minecraft:golden_carrot":83,"minecraft:salmon":4,"minecraft:leather":2,"minecraft:red_wool":2,"minecraft:wooden_pickaxe":1,"minecraft:porkchop":8,"minecraft:dried_kelp":117,"minecraft:oak_log":10,"minecraft:dirt":3,"minecraft:wooden_sword":1,"minecraft:wheat_seeds":12,"minecraft:lever":2,"minecraft:beef":2,"minecraft:mutton":6,"minecraft:oak_planks":60,"minecraft:white_wool":4},"minecraft:dropped":{"minecraft:golden_carrot":25},"minecraft:killed":{"minecraft:horse":6,"minecraft:sheep":4,"minecraft:pig":4,"minecraft:salmon":4},"minecraft:broken":{"minecraft:wooden_axe":1},"minecraft:used":{"minecraft:wooden_axe":25,"minecraft:red_wool":1,"minecraft:dried_kelp":13,"minecraft:oak_planks":2,"minecraft:salmon":4,"minecraft:wooden_sword":26,"minecraft:dirt":1,"minecraft:golden_carrot":11,"minecraft:crafting_table":1},"minecraft:crafted":{"minecraft:wooden_sword":1,"minecraft:oak_planks":40,"minecraft:crafting_table":1,"minecraft:stick":4,"minecraft:wooden_pickaxe":1},"minecraft:killed_by":{"minecraft:player":1,"minecraft:slime":1},"minecraft:custom":{"minecraft:time_since_rest":11560,"minecraft:sprint_one_cm":63674,"minecraft:damage_taken":2864,"minecraft:walk_one_cm":45085,"minecraft:mob_kills":18,"minecraft:drop":1,"minecraft:damage_dealt":3758,"minecraft:swim_one_cm":14331,"minecraft:interact_with_crafting_table":2,"minecraft:fly_one_cm":198321,"minecraft:player_kills":4,"minecraft:crouch_one_cm":1610,"minecraft:play_time":23317,"minecraft:deaths":2,"minecraft:sneak_time":438,"minecraft:walk_under_water_one_cm":1734,"minecraft:boat_one_cm":10733,"minecraft:jump":971,"minecraft:leave_game":2,"minecraft:time_since_death":11530,"minecraft:walk_on_water_one_cm":5100,"minecraft:total_world_time":23317,"minecraft:fall_one_cm":20661,"minecraft:horse_one_cm":277}},"DataVersion":3839}