{"stats":{"minecraft:mined":{"minecraft:short_grass":2,"minecraft:oak_leaves":2},"minecraft:picked_up":{"minecraft:sculk_catalyst":1,"minecraft:golden_carrot":22,"minecraft:apple":1,"minecraft:wheat_seeds":1,"minecraft:oak_sapling":1,"minecraft:mutton":4},"minecraft:dropped":{"minecraft:wheat_seeds":1,"minecraft:golden_carrot":64,"minecraft:dried_kelp":64},"minecraft:killed":{"minecraft:horse":1},"minecraft:used":{"minecraft:warden_spawn_egg":1,"minecraft:bamboo_raft":3,"minecraft:lever":1,"minecraft:light":3,"minecraft:black_wool":1,"minecraft:command_block":3,"minecraft:grass_block":2,"minecraft:dispenser":1,"minecraft:bedrock":67,"minecraft:torch":5,"minecraft:oak_sapling":1,"minecraft:chain_command_block":5,"minecraft:repeating_command_block":2,"minecraft:lingering_potion":3,"minecraft:cherry_log":21},"minecraft:killed_by":{"minecraft:player":1},"minecraft:custom":{"minecraft:time_since_rest":1126,"minecraft:sprint_one_cm":14996,"minecraft:damage_taken":281,"minecraft:walk_one_cm":42737,"minecraft:mob_kills":1,"minecraft:drop":3,"minecraft:damage_dealt":20,"minecraft:swim_one_cm":4807,"minecraft:fly_one_cm":256855,"minecraft:player_kills":1,"minecraft:crouch_one_cm":1166,"minecraft:play_time":26303,"minecraft:deaths":3,"minecraft:sneak_time":417,"minecraft:walk_under_water_one_cm":535,"minecraft:boat_one_cm":5840,"minecraft:jump":213,"minecraft:leave_game":1,"minecraft:time_since_death":1073,"minecraft:walk_on_water_one_cm":1990,"minecraft:total_world_time":26303,"minecraft:fall_one_cm":1511,"minecraft:inspect_dispenser":4}},"DataVersion":3839}